"LOCATION","INDICATOR","SUBJECT","MEASURE","FREQUENCY","TIME","Value","Flag Codes"
"AUS","HHSAV","TOT","PC_HHDI","A","1970",14.811225676409,
"AUS","HHSAV","TOT","PC_HHDI","A","1971",14.9706252622744,
"AUS","HHSAV","TOT","PC_HHDI","A","1972",17.0399608347102,
"AUS","HHSAV","TOT","PC_HHDI","A","1973",18.8068781738649,
"AUS","HHSAV","TOT","PC_HHDI","A","1974",18.0275890467367,
"AUS","HHSAV","TOT","PC_HHDI","A","1975",16.5802458060465,
"AUS","HHSAV","TOT","PC_HHDI","A","1976",15.3113985373352,
"AUS","HHSAV","TOT","PC_HHDI","A","1977",14.466719225138,
"AUS","HHSAV","TOT","PC_HHDI","A","1978",15.8601108206482,
"AUS","HHSAV","TOT","PC_HHDI","A","1979",15.1560245310245,
"AUS","HHSAV","TOT","PC_HHDI","A","1980",15.0425648429332,
"AUS","HHSAV","TOT","PC_HHDI","A","1981",14.3098008882245,
"AUS","HHSAV","TOT","PC_HHDI","A","1982",11.8705489380475,
"AUS","HHSAV","TOT","PC_HHDI","A","1983",13.8002045105948,
"AUS","HHSAV","TOT","PC_HHDI","A","1984",14.2535046883911,
"AUS","HHSAV","TOT","PC_HHDI","A","1985",11.5290547716583,
"AUS","HHSAV","TOT","PC_HHDI","A","1986",8.87948901852929,
"AUS","HHSAV","TOT","PC_HHDI","A","1987",7.81797026502909,
"AUS","HHSAV","TOT","PC_HHDI","A","1988",8.62856040635247,
"AUS","HHSAV","TOT","PC_HHDI","A","1989",8.60318076508509,
"AUS","HHSAV","TOT","PC_HHDI","A","1990",7.60793639581518,
"AUS","HHSAV","TOT","PC_HHDI","A","1991",5.759928644124,
"AUS","HHSAV","TOT","PC_HHDI","A","1992",6.0140372739101,
"AUS","HHSAV","TOT","PC_HHDI","A","1993",5.94185423365488,
"AUS","HHSAV","TOT","PC_HHDI","A","1994",4.65527361765643,
"AUS","HHSAV","TOT","PC_HHDI","A","1995",4.72023503349732,
"AUS","HHSAV","TOT","PC_HHDI","A","1996",6.25316139321483,
"AUS","HHSAV","TOT","PC_HHDI","A","1997",3.29384787343143,
"AUS","HHSAV","TOT","PC_HHDI","A","1998",0.767646300521467,
"AUS","HHSAV","TOT","PC_HHDI","A","1999",0.315686526425637,
"AUS","HHSAV","TOT","PC_HHDI","A","2000",1.59198919481716,
"AUS","HHSAV","TOT","PC_HHDI","A","2001",2.72119997843705,
"AUS","HHSAV","TOT","PC_HHDI","A","2002",-1.33402080775331,
"AUS","HHSAV","TOT","PC_HHDI","A","2003",-0.76539588846333,
"AUS","HHSAV","TOT","PC_HHDI","A","2004",0.278831710287791,
"AUS","HHSAV","TOT","PC_HHDI","A","2005",-0.825982271073345,
"AUS","HHSAV","TOT","PC_HHDI","A","2006",-0.206291309629284,
"AUS","HHSAV","TOT","PC_HHDI","A","2007",0.970453804686596,
"AUS","HHSAV","TOT","PC_HHDI","A","2008",7.68653145759321,
"AUS","HHSAV","TOT","PC_HHDI","A","2009",5.64529510833422,
"AUS","HHSAV","TOT","PC_HHDI","A","2010",7.36324867587729,
"AUS","HHSAV","TOT","PC_HHDI","A","2011",7.94858534174226,
"AUS","HHSAV","TOT","PC_HHDI","A","2012",6.54172737219006,
"AUS","HHSAV","TOT","PC_HHDI","A","2013",7.40707108676462,
"AUS","HHSAV","TOT","PC_HHDI","A","2014",7.61217314742119,
"AUS","HHSAV","TOT","PC_HHDI","A","2015",6.10479736485855,
"AUS","HHSAV","TOT","PC_HHDI","A","2016",5.48306786395484,
"AUS","HHSAV","TOT","PC_HHDI","A","2017",4.87147537180372,
"AUS","HHSAV","TOT","PC_HHDI","A","2018",5.70689910546372,
"AUS","HHSAV","TOT","PC_HHDI","A","2019",12.2218127973755,
"AUS","HHSAV","TOT","PC_HHDI","A","2020",15.3310328481961,
"AUS","HHSAV","TOT","PC_HHDI","A","2021",13.0278424513404,
"AUT","HHSAV","TOT","PC_HHDI","A","1995",14.650994839099,
"AUT","HHSAV","TOT","PC_HHDI","A","1996",11.9397096028179,
"AUT","HHSAV","TOT","PC_HHDI","A","1997",10.4232014998011,
"AUT","HHSAV","TOT","PC_HHDI","A","1998",10.3455205595328,
"AUT","HHSAV","TOT","PC_HHDI","A","1999",11.8836299861695,
"AUT","HHSAV","TOT","PC_HHDI","A","2000",10.6323620101249,
"AUT","HHSAV","TOT","PC_HHDI","A","2001",9.02211155348111,
"AUT","HHSAV","TOT","PC_HHDI","A","2002",9.40017464120189,
"AUT","HHSAV","TOT","PC_HHDI","A","2003",9.64812925464156,
"AUT","HHSAV","TOT","PC_HHDI","A","2004",9.52426830502389,
"AUT","HHSAV","TOT","PC_HHDI","A","2005",11.13639539683,
"AUT","HHSAV","TOT","PC_HHDI","A","2006",11.6196364290299,
"AUT","HHSAV","TOT","PC_HHDI","A","2007",12.4123757309681,
"AUT","HHSAV","TOT","PC_HHDI","A","2008",12.3545290786405,
"AUT","HHSAV","TOT","PC_HHDI","A","2009",11.3985751349722,
"AUT","HHSAV","TOT","PC_HHDI","A","2010",9.59183079078251,
"AUT","HHSAV","TOT","PC_HHDI","A","2011",7.88123256906157,
"AUT","HHSAV","TOT","PC_HHDI","A","2012",8.86254800930253,
"AUT","HHSAV","TOT","PC_HHDI","A","2013",7.1132177811741,
"AUT","HHSAV","TOT","PC_HHDI","A","2014",7.29640193215769,
"AUT","HHSAV","TOT","PC_HHDI","A","2015",6.73666489091466,
"AUT","HHSAV","TOT","PC_HHDI","A","2016",7.82043162856032,
"AUT","HHSAV","TOT","PC_HHDI","A","2017",7.51743208247045,
"AUT","HHSAV","TOT","PC_HHDI","A","2018",7.7349049691254,
"AUT","HHSAV","TOT","PC_HHDI","A","2019",8.59388009201782,
"AUT","HHSAV","TOT","PC_HHDI","A","2020",13.3409400713256,
"AUT","HHSAV","TOT","PC_HHDI","A","2021",11.976044260749,
"BEL","HHSAV","TOT","PC_HHDI","A","1995",15.7816829984655,
"BEL","HHSAV","TOT","PC_HHDI","A","1996",13.9413996820441,
"BEL","HHSAV","TOT","PC_HHDI","A","1997",13.2444221631539,
"BEL","HHSAV","TOT","PC_HHDI","A","1998",12.4370026454443,
"BEL","HHSAV","TOT","PC_HHDI","A","1999",12.6831695432863,
"BEL","HHSAV","TOT","PC_HHDI","A","2000",11.4500313948214,
"BEL","HHSAV","TOT","PC_HHDI","A","2001",12.8730581728916,
"BEL","HHSAV","TOT","PC_HHDI","A","2002",12.4527919501222,
"BEL","HHSAV","TOT","PC_HHDI","A","2003",11.7697100076919,
"BEL","HHSAV","TOT","PC_HHDI","A","2004",10.4816073186544,
"BEL","HHSAV","TOT","PC_HHDI","A","2005",10.184735710472,
"BEL","HHSAV","TOT","PC_HHDI","A","2006",10.8563264890247,
"BEL","HHSAV","TOT","PC_HHDI","A","2007",11.2380743262931,
"BEL","HHSAV","TOT","PC_HHDI","A","2008",11.8859658436826,
"BEL","HHSAV","TOT","PC_HHDI","A","2009",12.1672894977989,
"BEL","HHSAV","TOT","PC_HHDI","A","2010",9.25756707954232,
"BEL","HHSAV","TOT","PC_HHDI","A","2011",8.34967775438769,
"BEL","HHSAV","TOT","PC_HHDI","A","2012",7.86810855002538,
"BEL","HHSAV","TOT","PC_HHDI","A","2013",6.57913642488806,
"BEL","HHSAV","TOT","PC_HHDI","A","2014",6.40555612582685,
"BEL","HHSAV","TOT","PC_HHDI","A","2015",5.52605837659284,
"BEL","HHSAV","TOT","PC_HHDI","A","2016",5.44057453029431,
"BEL","HHSAV","TOT","PC_HHDI","A","2017",5.36902382661816,
"BEL","HHSAV","TOT","PC_HHDI","A","2018",4.6590318272183,
"BEL","HHSAV","TOT","PC_HHDI","A","2019",5.49470034659199,
"BEL","HHSAV","TOT","PC_HHDI","A","2020",14.2141758148403,"E"
"BEL","HHSAV","TOT","PC_HHDI","A","2021",10.3188432240113,"E"
"CZE","HHSAV","TOT","PC_HHDI","A","1995",6.34931916939027,
"CZE","HHSAV","TOT","PC_HHDI","A","1996",7.04938405292659,
"CZE","HHSAV","TOT","PC_HHDI","A","1997",7.31035180780538,
"CZE","HHSAV","TOT","PC_HHDI","A","1998",6.03117401237168,
"CZE","HHSAV","TOT","PC_HHDI","A","1999",5.49960508792164,
"CZE","HHSAV","TOT","PC_HHDI","A","2000",6.48168238791948,
"CZE","HHSAV","TOT","PC_HHDI","A","2001",6.93044651245185,
"CZE","HHSAV","TOT","PC_HHDI","A","2002",6.96089979464835,
"CZE","HHSAV","TOT","PC_HHDI","A","2003",6.31213596106279,
"CZE","HHSAV","TOT","PC_HHDI","A","2004",5.66194780013413,
"CZE","HHSAV","TOT","PC_HHDI","A","2005",6.97904019615391,
"CZE","HHSAV","TOT","PC_HHDI","A","2006",8.43295923579189,
"CZE","HHSAV","TOT","PC_HHDI","A","2007",7.61800188736505,
"CZE","HHSAV","TOT","PC_HHDI","A","2008",6.85456634738407,
"CZE","HHSAV","TOT","PC_HHDI","A","2009",8.72970485877937,
"CZE","HHSAV","TOT","PC_HHDI","A","2010",7.98127183327891,
"CZE","HHSAV","TOT","PC_HHDI","A","2011",6.59414103220359,
"CZE","HHSAV","TOT","PC_HHDI","A","2012",6.88682196687488,
"CZE","HHSAV","TOT","PC_HHDI","A","2013",6.36126235767105,
"CZE","HHSAV","TOT","PC_HHDI","A","2014",7.39601591868682,
"CZE","HHSAV","TOT","PC_HHDI","A","2015",7.03628095686602,
"CZE","HHSAV","TOT","PC_HHDI","A","2016",6.28056491151251,
"CZE","HHSAV","TOT","PC_HHDI","A","2017",6.99996694847575,
"CZE","HHSAV","TOT","PC_HHDI","A","2018",7.54181385332665,
"CZE","HHSAV","TOT","PC_HHDI","A","2019",8.53656726487653,
"CZE","HHSAV","TOT","PC_HHDI","A","2020",14.7250345224566,
"CZE","HHSAV","TOT","PC_HHDI","A","2021",14.9680156441616,
"DNK","HHSAV","TOT","PC_HHDI","A","1995",-0.711369612350653,
"DNK","HHSAV","TOT","PC_HHDI","A","1996",-2.21361652244421,
"DNK","HHSAV","TOT","PC_HHDI","A","1997",-5.09062401316031,
"DNK","HHSAV","TOT","PC_HHDI","A","1998",-3.51860265535868,
"DNK","HHSAV","TOT","PC_HHDI","A","1999",-7.01429276202366,
"DNK","HHSAV","TOT","PC_HHDI","A","2000",-5.69394234805096,
"DNK","HHSAV","TOT","PC_HHDI","A","2001",0.353706451643008,
"DNK","HHSAV","TOT","PC_HHDI","A","2002",1.41226024194005,
"DNK","HHSAV","TOT","PC_HHDI","A","2003",2.18458283978477,
"DNK","HHSAV","TOT","PC_HHDI","A","2004",-1.9064146898567,
"DNK","HHSAV","TOT","PC_HHDI","A","2005",-4.2727235207528,
"DNK","HHSAV","TOT","PC_HHDI","A","2006",-1.52567575825474,
"DNK","HHSAV","TOT","PC_HHDI","A","2007",-3.0338951750161,
"DNK","HHSAV","TOT","PC_HHDI","A","2008",-4.09924316599746,
"DNK","HHSAV","TOT","PC_HHDI","A","2009",0.65682460998064,
"DNK","HHSAV","TOT","PC_HHDI","A","2010",1.83706415835001,
"DNK","HHSAV","TOT","PC_HHDI","A","2011",0.79963499067298,
"DNK","HHSAV","TOT","PC_HHDI","A","2012",0.122214384216133,
"DNK","HHSAV","TOT","PC_HHDI","A","2013",2.33988684162496,
"DNK","HHSAV","TOT","PC_HHDI","A","2014",-2.89805753605089,
"DNK","HHSAV","TOT","PC_HHDI","A","2015",3.90863198381378,
"DNK","HHSAV","TOT","PC_HHDI","A","2016",5.61316419164871,
"DNK","HHSAV","TOT","PC_HHDI","A","2017",6.03360309966319,
"DNK","HHSAV","TOT","PC_HHDI","A","2018",5.42460099433151,
"DNK","HHSAV","TOT","PC_HHDI","A","2019",4.28351761001684,
"DNK","HHSAV","TOT","PC_HHDI","A","2020",5.73864992349052,
"DNK","HHSAV","TOT","PC_HHDI","A","2021",3.18137689238974,
"FIN","HHSAV","TOT","PC_HHDI","A","1975",2.54125746684216,
"FIN","HHSAV","TOT","PC_HHDI","A","1976",-0.301342343165008,
"FIN","HHSAV","TOT","PC_HHDI","A","1977",-1.76613375742864,
"FIN","HHSAV","TOT","PC_HHDI","A","1978",-0.416945871491326,
"FIN","HHSAV","TOT","PC_HHDI","A","1979",0.538017761068257,
"FIN","HHSAV","TOT","PC_HHDI","A","1980",2.4467906820848,
"FIN","HHSAV","TOT","PC_HHDI","A","1981",1.55758574209975,
"FIN","HHSAV","TOT","PC_HHDI","A","1982",1.8256107102495,
"FIN","HHSAV","TOT","PC_HHDI","A","1983",3.37489417378588,
"FIN","HHSAV","TOT","PC_HHDI","A","1984",1.82643543639394,
"FIN","HHSAV","TOT","PC_HHDI","A","1985",1.24397551126742,
"FIN","HHSAV","TOT","PC_HHDI","A","1986",0.125225252741211,
"FIN","HHSAV","TOT","PC_HHDI","A","1987",0.911999102031653,
"FIN","HHSAV","TOT","PC_HHDI","A","1988",-2.15978192493185,
"FIN","HHSAV","TOT","PC_HHDI","A","1989",-0.573065902578797,
"FIN","HHSAV","TOT","PC_HHDI","A","1990",1.90459775067867,
"FIN","HHSAV","TOT","PC_HHDI","A","1991",6.97145387929299,
"FIN","HHSAV","TOT","PC_HHDI","A","1992",9.38699592385927,
"FIN","HHSAV","TOT","PC_HHDI","A","1993",6.84555634015939,
"FIN","HHSAV","TOT","PC_HHDI","A","1994",0.740894901144641,
"FIN","HHSAV","TOT","PC_HHDI","A","1995",3.94958304643868,
"FIN","HHSAV","TOT","PC_HHDI","A","1996",0.359787157492094,
"FIN","HHSAV","TOT","PC_HHDI","A","1997",2.10225569213947,
"FIN","HHSAV","TOT","PC_HHDI","A","1998",0.715185091916394,
"FIN","HHSAV","TOT","PC_HHDI","A","1999",2.79428598309629,
"FIN","HHSAV","TOT","PC_HHDI","A","2000",2.63346470798997,
"FIN","HHSAV","TOT","PC_HHDI","A","2001",1.88458520579214,
"FIN","HHSAV","TOT","PC_HHDI","A","2002",2.01310157136801,
"FIN","HHSAV","TOT","PC_HHDI","A","2003",1.52645817269365,
"FIN","HHSAV","TOT","PC_HHDI","A","2004",2.45377398402309,
"FIN","HHSAV","TOT","PC_HHDI","A","2005",0.508738620320335,
"FIN","HHSAV","TOT","PC_HHDI","A","2006",-1.02983954208501,
"FIN","HHSAV","TOT","PC_HHDI","A","2007",-0.703710270845339,
"FIN","HHSAV","TOT","PC_HHDI","A","2008",-0.40659352174961,
"FIN","HHSAV","TOT","PC_HHDI","A","2009",3.29088348741811,
"FIN","HHSAV","TOT","PC_HHDI","A","2010",3.26677347504982,
"FIN","HHSAV","TOT","PC_HHDI","A","2011",1.05282947922542,
"FIN","HHSAV","TOT","PC_HHDI","A","2012",0.35219987342817,
"FIN","HHSAV","TOT","PC_HHDI","A","2013",0.94750686696431,
"FIN","HHSAV","TOT","PC_HHDI","A","2014",-0.002659574468085,
"FIN","HHSAV","TOT","PC_HHDI","A","2015",-0.464174781000244,
"FIN","HHSAV","TOT","PC_HHDI","A","2016",-1.38896038159949,
"FIN","HHSAV","TOT","PC_HHDI","A","2017",-0.933818840822902,
"FIN","HHSAV","TOT","PC_HHDI","A","2018",-0.84050023189019,
"FIN","HHSAV","TOT","PC_HHDI","A","2019",0.361943748567635,
"FIN","HHSAV","TOT","PC_HHDI","A","2020",4.67795440464894,
"FIN","HHSAV","TOT","PC_HHDI","A","2021",2.02770896412515,
"FRA","HHSAV","TOT","PC_HHDI","A","1978",15.506456729606,
"FRA","HHSAV","TOT","PC_HHDI","A","1979",13.0713829004355,
"FRA","HHSAV","TOT","PC_HHDI","A","1980",12.0176025272505,
"FRA","HHSAV","TOT","PC_HHDI","A","1981",11.6592743737613,
"FRA","HHSAV","TOT","PC_HHDI","A","1982",10.8668299398907,
"FRA","HHSAV","TOT","PC_HHDI","A","1983",10.0790324128884,
"FRA","HHSAV","TOT","PC_HHDI","A","1984",8.68202137013797,
"FRA","HHSAV","TOT","PC_HHDI","A","1985",7.87262738764588,
"FRA","HHSAV","TOT","PC_HHDI","A","1986",7.11760637865105,
"FRA","HHSAV","TOT","PC_HHDI","A","1987",5.54947835565244,
"FRA","HHSAV","TOT","PC_HHDI","A","1988",5.51372233636846,
"FRA","HHSAV","TOT","PC_HHDI","A","1989",5.82535883123784,
"FRA","HHSAV","TOT","PC_HHDI","A","1990",7.12003257719117,
"FRA","HHSAV","TOT","PC_HHDI","A","1991",7.46820574321048,
"FRA","HHSAV","TOT","PC_HHDI","A","1992",8.76276964648261,
"FRA","HHSAV","TOT","PC_HHDI","A","1993",9.41149842205767,
"FRA","HHSAV","TOT","PC_HHDI","A","1994",8.49471371726213,
"FRA","HHSAV","TOT","PC_HHDI","A","1995",9.08877634667609,
"FRA","HHSAV","TOT","PC_HHDI","A","1996",8.44374593827504,
"FRA","HHSAV","TOT","PC_HHDI","A","1997",9.45560778194813,
"FRA","HHSAV","TOT","PC_HHDI","A","1998",8.95172715074734,
"FRA","HHSAV","TOT","PC_HHDI","A","1999",8.69509194698097,
"FRA","HHSAV","TOT","PC_HHDI","A","2000",8.67369758635164,
"FRA","HHSAV","TOT","PC_HHDI","A","2001",9.37004316562427,
"FRA","HHSAV","TOT","PC_HHDI","A","2002",10.3908705553662,
"FRA","HHSAV","TOT","PC_HHDI","A","2003",9.59870818067074,
"FRA","HHSAV","TOT","PC_HHDI","A","2004",9.64876657288932,
"FRA","HHSAV","TOT","PC_HHDI","A","2005",8.50187080402661,
"FRA","HHSAV","TOT","PC_HHDI","A","2006",9.04619142592186,
"FRA","HHSAV","TOT","PC_HHDI","A","2007",9.43227066733218,
"FRA","HHSAV","TOT","PC_HHDI","A","2008",9.25110721597067,
"FRA","HHSAV","TOT","PC_HHDI","A","2009",10.5942921936619,
"FRA","HHSAV","TOT","PC_HHDI","A","2010",10.4531314479273,
"FRA","HHSAV","TOT","PC_HHDI","A","2011",9.94334367788653,
"FRA","HHSAV","TOT","PC_HHDI","A","2012",9.99733843178511,
"FRA","HHSAV","TOT","PC_HHDI","A","2013",8.5215837152381,
"FRA","HHSAV","TOT","PC_HHDI","A","2014",8.85563975396751,
"FRA","HHSAV","TOT","PC_HHDI","A","2015",8.3280675806316,
"FRA","HHSAV","TOT","PC_HHDI","A","2016",8.18294459978975,
"FRA","HHSAV","TOT","PC_HHDI","A","2017",8.36969154689083,
"FRA","HHSAV","TOT","PC_HHDI","A","2018",8.66242659553179,
"FRA","HHSAV","TOT","PC_HHDI","A","2019",9.2142156467708,
"FRA","HHSAV","TOT","PC_HHDI","A","2020",15.4602081824703,"E"
"FRA","HHSAV","TOT","PC_HHDI","A","2021",12.8065342784152,"E"
"DEU","HHSAV","TOT","PC_HHDI","A","1995",11.382038913426,
"DEU","HHSAV","TOT","PC_HHDI","A","1996",10.9420310731557,
"DEU","HHSAV","TOT","PC_HHDI","A","1997",10.5507521177154,
"DEU","HHSAV","TOT","PC_HHDI","A","1998",10.404590554359,
"DEU","HHSAV","TOT","PC_HHDI","A","1999",9.82203937885198,
"DEU","HHSAV","TOT","PC_HHDI","A","2000",9.33170231465679,
"DEU","HHSAV","TOT","PC_HHDI","A","2001",9.99283877860086,
"DEU","HHSAV","TOT","PC_HHDI","A","2002",10.0837980422417,
"DEU","HHSAV","TOT","PC_HHDI","A","2003",10.5514208147389,
"DEU","HHSAV","TOT","PC_HHDI","A","2004",10.6240325349695,
"DEU","HHSAV","TOT","PC_HHDI","A","2005",10.5626812040034,
"DEU","HHSAV","TOT","PC_HHDI","A","2006",10.6364854826729,
"DEU","HHSAV","TOT","PC_HHDI","A","2007",10.6954033712757,
"DEU","HHSAV","TOT","PC_HHDI","A","2008",10.911750227265,
"DEU","HHSAV","TOT","PC_HHDI","A","2009",10.3744257134917,
"DEU","HHSAV","TOT","PC_HHDI","A","2010",10.3067972157926,
"DEU","HHSAV","TOT","PC_HHDI","A","2011",10.020736030819,
"DEU","HHSAV","TOT","PC_HHDI","A","2012",9.6518936129149,
"DEU","HHSAV","TOT","PC_HHDI","A","2013",9.28901313956851,
"DEU","HHSAV","TOT","PC_HHDI","A","2014",9.83621301474942,
"DEU","HHSAV","TOT","PC_HHDI","A","2015",10.0637420827351,
"DEU","HHSAV","TOT","PC_HHDI","A","2016",10.1962662600368,
"DEU","HHSAV","TOT","PC_HHDI","A","2017",10.643063003578,
"DEU","HHSAV","TOT","PC_HHDI","A","2018",11.2943739347448,
"DEU","HHSAV","TOT","PC_HHDI","A","2019",10.781325513753,"E"
"DEU","HHSAV","TOT","PC_HHDI","A","2020",16.4166589433532,"E"
"DEU","HHSAV","TOT","PC_HHDI","A","2021",15.1224255137728,"E"
"GRC","HHSAV","TOT","PC_HHDI","A","2010",-4.11580294160234,"B"
"GRC","HHSAV","TOT","PC_HHDI","A","2011",-9.1027659436596,
"GRC","HHSAV","TOT","PC_HHDI","A","2012",-15.2194935369534,
"GRC","HHSAV","TOT","PC_HHDI","A","2013",-17.2451903851053,
"GRC","HHSAV","TOT","PC_HHDI","A","2014",-13.5994988326647,
"GRC","HHSAV","TOT","PC_HHDI","A","2015",-11.5546355444763,
"GRC","HHSAV","TOT","PC_HHDI","A","2016",-11.0556260297963,
"GRC","HHSAV","TOT","PC_HHDI","A","2017",-14.2002296218462,
"GRC","HHSAV","TOT","PC_HHDI","A","2018",-14.7039353677582,
"GRC","HHSAV","TOT","PC_HHDI","A","2019",-10.0778724646334,"E"
"GRC","HHSAV","TOT","PC_HHDI","A","2020",-5.05636899540526,"E"
"GRC","HHSAV","TOT","PC_HHDI","A","2021",-3.09567418064193,"E"
"HUN","HHSAV","TOT","PC_HHDI","A","1995",13.4385690607401,
"HUN","HHSAV","TOT","PC_HHDI","A","1996",12.940140541021,
"HUN","HHSAV","TOT","PC_HHDI","A","1997",11.5405740073838,
"HUN","HHSAV","TOT","PC_HHDI","A","1998",10.5130151145927,
"HUN","HHSAV","TOT","PC_HHDI","A","1999",6.59549737969237,
"HUN","HHSAV","TOT","PC_HHDI","A","2000",4.5000510283026,
"HUN","HHSAV","TOT","PC_HHDI","A","2001",5.28199729076913,
"HUN","HHSAV","TOT","PC_HHDI","A","2002",2.85921589093725,
"HUN","HHSAV","TOT","PC_HHDI","A","2003",1.62376834357621,
"HUN","HHSAV","TOT","PC_HHDI","A","2004",5.87606953845045,
"HUN","HHSAV","TOT","PC_HHDI","A","2005",7.56202933217871,
"HUN","HHSAV","TOT","PC_HHDI","A","2006",8.15146809466894,
"HUN","HHSAV","TOT","PC_HHDI","A","2007",3.87994925878755,
"HUN","HHSAV","TOT","PC_HHDI","A","2008",3.46722925181567,
"HUN","HHSAV","TOT","PC_HHDI","A","2009",5.63225172022385,
"HUN","HHSAV","TOT","PC_HHDI","A","2010",5.98695888724809,
"HUN","HHSAV","TOT","PC_HHDI","A","2011",6.53074932379257,
"HUN","HHSAV","TOT","PC_HHDI","A","2012",4.87420588436082,
"HUN","HHSAV","TOT","PC_HHDI","A","2013",6.8742634383853,
"HUN","HHSAV","TOT","PC_HHDI","A","2014",7.51227864241348,
"HUN","HHSAV","TOT","PC_HHDI","A","2015",7.33591048648427,
"HUN","HHSAV","TOT","PC_HHDI","A","2016",7.00586614887334,
"HUN","HHSAV","TOT","PC_HHDI","A","2017",8.09564354653129,
"HUN","HHSAV","TOT","PC_HHDI","A","2018",10.8560756569039,
"HUN","HHSAV","TOT","PC_HHDI","A","2019",10.4479098252703,
"HUN","HHSAV","TOT","PC_HHDI","A","2020",11.1214647156931,
"HUN","HHSAV","TOT","PC_HHDI","A","2021",12.9523597552516,"E"
"IRL","HHSAV","TOT","PC_HHDI","A","1995",5.50467925286032,
"IRL","HHSAV","TOT","PC_HHDI","A","1996",4.96644993864223,
"IRL","HHSAV","TOT","PC_HHDI","A","1997",4.39574518125986,
"IRL","HHSAV","TOT","PC_HHDI","A","1998",4.61352751736524,
"IRL","HHSAV","TOT","PC_HHDI","A","1999",0.872070192369059,
"IRL","HHSAV","TOT","PC_HHDI","A","2000",-2.83767888053105,
"IRL","HHSAV","TOT","PC_HHDI","A","2001",2.02821893833243,
"IRL","HHSAV","TOT","PC_HHDI","A","2002",0.364491531028469,
"IRL","HHSAV","TOT","PC_HHDI","A","2003",1.31036510100543,
"IRL","HHSAV","TOT","PC_HHDI","A","2004",1.90947149128564,
"IRL","HHSAV","TOT","PC_HHDI","A","2005",2.60099385995174,
"IRL","HHSAV","TOT","PC_HHDI","A","2006",0.703989009970312,
"IRL","HHSAV","TOT","PC_HHDI","A","2007",0.379543178375213,
"IRL","HHSAV","TOT","PC_HHDI","A","2008",6.09543037716513,
"IRL","HHSAV","TOT","PC_HHDI","A","2009",11.2032977416262,
"IRL","HHSAV","TOT","PC_HHDI","A","2010",9.82072137772557,
"IRL","HHSAV","TOT","PC_HHDI","A","2011",5.01187041990517,
"IRL","HHSAV","TOT","PC_HHDI","A","2012",6.80706721431435,
"IRL","HHSAV","TOT","PC_HHDI","A","2013",4.56848910599984,
"IRL","HHSAV","TOT","PC_HHDI","A","2014",2.366059793838,
"IRL","HHSAV","TOT","PC_HHDI","A","2015",3.31487770833801,
"IRL","HHSAV","TOT","PC_HHDI","A","2016",2.4429516807505,
"IRL","HHSAV","TOT","PC_HHDI","A","2017",5.582127779003,
"IRL","HHSAV","TOT","PC_HHDI","A","2018",4.78321014945881,
"IRL","HHSAV","TOT","PC_HHDI","A","2019",5.72885384733619,
"IRL","HHSAV","TOT","PC_HHDI","A","2020",21.6106458315973,
"IRL","HHSAV","TOT","PC_HHDI","A","2021",20.2338628031051,
"ITA","HHSAV","TOT","PC_HHDI","A","1995",16.1578521344785,
"ITA","HHSAV","TOT","PC_HHDI","A","1996",16.6018928733106,
"ITA","HHSAV","TOT","PC_HHDI","A","1997",13.7631469490369,
"ITA","HHSAV","TOT","PC_HHDI","A","1998",9.97296969865484,
"ITA","HHSAV","TOT","PC_HHDI","A","1999",8.84643930481088,
"ITA","HHSAV","TOT","PC_HHDI","A","2000",7.36345315258451,
"ITA","HHSAV","TOT","PC_HHDI","A","2001",8.82880617429602,
"ITA","HHSAV","TOT","PC_HHDI","A","2002",9.57192171055523,
"ITA","HHSAV","TOT","PC_HHDI","A","2003",9.07511683079108,
"ITA","HHSAV","TOT","PC_HHDI","A","2004",9.48791175841964,
"ITA","HHSAV","TOT","PC_HHDI","A","2005",8.90417156446212,
"ITA","HHSAV","TOT","PC_HHDI","A","2006",8.30484463940146,
"ITA","HHSAV","TOT","PC_HHDI","A","2007",7.81493403631709,
"ITA","HHSAV","TOT","PC_HHDI","A","2008",7.38184543280954,
"ITA","HHSAV","TOT","PC_HHDI","A","2009",6.75973047902949,
"ITA","HHSAV","TOT","PC_HHDI","A","2010",3.93446266911294,
"ITA","HHSAV","TOT","PC_HHDI","A","2011",3.4072931301035,
"ITA","HHSAV","TOT","PC_HHDI","A","2012",1.47339175274258,
"ITA","HHSAV","TOT","PC_HHDI","A","2013",3.29316737627115,
"ITA","HHSAV","TOT","PC_HHDI","A","2014",3.6911432150561,
"ITA","HHSAV","TOT","PC_HHDI","A","2015",2.8862380106133,
"ITA","HHSAV","TOT","PC_HHDI","A","2016",3.00370393554806,
"ITA","HHSAV","TOT","PC_HHDI","A","2017",2.56167969812546,
"ITA","HHSAV","TOT","PC_HHDI","A","2018",2.54325907915063,
"ITA","HHSAV","TOT","PC_HHDI","A","2019",2.40189260553387,
"ITA","HHSAV","TOT","PC_HHDI","A","2020",10.2579039954125,
"ITA","HHSAV","TOT","PC_HHDI","A","2021",7.5532635513294,
"JPN","HHSAV","TOT","PC_HHDI","A","1994",12.7210360273093,
"JPN","HHSAV","TOT","PC_HHDI","A","1995",11.6422278254329,
"JPN","HHSAV","TOT","PC_HHDI","A","1996",10.2059128622415,
"JPN","HHSAV","TOT","PC_HHDI","A","1997",10.2428844267925,
"JPN","HHSAV","TOT","PC_HHDI","A","1998",11.3251419673562,
"JPN","HHSAV","TOT","PC_HHDI","A","1999",9.65465200969387,
"JPN","HHSAV","TOT","PC_HHDI","A","2000",8.0695998024158,
"JPN","HHSAV","TOT","PC_HHDI","A","2001",4.13587705780832,
"JPN","HHSAV","TOT","PC_HHDI","A","2002",2.76891739474437,
"JPN","HHSAV","TOT","PC_HHDI","A","2003",2.37164211677442,
"JPN","HHSAV","TOT","PC_HHDI","A","2004",2.16852165803578,
"JPN","HHSAV","TOT","PC_HHDI","A","2005",2.68600615104712,
"JPN","HHSAV","TOT","PC_HHDI","A","2006",3.25450541826254,
"JPN","HHSAV","TOT","PC_HHDI","A","2007",3.45980896764307,
"JPN","HHSAV","TOT","PC_HHDI","A","2008",3.38449226543384,
"JPN","HHSAV","TOT","PC_HHDI","A","2009",4.30000637654505,
"JPN","HHSAV","TOT","PC_HHDI","A","2010",3.31172021851454,
"JPN","HHSAV","TOT","PC_HHDI","A","2011",3.56533873868807,
"JPN","HHSAV","TOT","PC_HHDI","A","2012",2.32945429298585,
"JPN","HHSAV","TOT","PC_HHDI","A","2013",0.058224586049551,
"JPN","HHSAV","TOT","PC_HHDI","A","2014",-0.780155350212094,
"JPN","HHSAV","TOT","PC_HHDI","A","2015",0.127010965346576,
"JPN","HHSAV","TOT","PC_HHDI","A","2016",1.9497406623975,
"JPN","HHSAV","TOT","PC_HHDI","A","2017",1.60235903944459,
"JPN","HHSAV","TOT","PC_HHDI","A","2018",1.7749670276285,
"JPN","HHSAV","TOT","PC_HHDI","A","2019",3.24545620568361,
"JPN","HHSAV","TOT","PC_HHDI","A","2020",12.0873554673692,
"KOR","HHSAV","TOT","PC_HHDI","A","2005",4.60566095551073,
"KOR","HHSAV","TOT","PC_HHDI","A","2006",2.99030826650639,
"KOR","HHSAV","TOT","PC_HHDI","A","2007",2.05836731030504,
"KOR","HHSAV","TOT","PC_HHDI","A","2008",2.59006535968712,
"KOR","HHSAV","TOT","PC_HHDI","A","2009",3.49480943122225,
"KOR","HHSAV","TOT","PC_HHDI","A","2010",3.17578903028795,
"KOR","HHSAV","TOT","PC_HHDI","A","2011",2.54557459580991,
"KOR","HHSAV","TOT","PC_HHDI","A","2012",3.16246810335725,
"KOR","HHSAV","TOT","PC_HHDI","A","2013",5.21047509740871,
"KOR","HHSAV","TOT","PC_HHDI","A","2014",6.83280625597767,
"KOR","HHSAV","TOT","PC_HHDI","A","2015",9.62962072980377,
"KOR","HHSAV","TOT","PC_HHDI","A","2016",8.65963600833525,
"KOR","HHSAV","TOT","PC_HHDI","A","2017",7.5419616700027,
"KOR","HHSAV","TOT","PC_HHDI","A","2018",7.17285669683526,
"KOR","HHSAV","TOT","PC_HHDI","A","2019",8.12919754601227,
"KOR","HHSAV","TOT","PC_HHDI","A","2020",14.6775796212751,
"KOR","HHSAV","TOT","PC_HHDI","A","2021",13.7464770937772,"E"
"LUX","HHSAV","TOT","PC_HHDI","A","1995",8.31426598610904,
"LUX","HHSAV","TOT","PC_HHDI","A","1996",5.38719634948329,
"LUX","HHSAV","TOT","PC_HHDI","A","1997",7.34770172621437,
"LUX","HHSAV","TOT","PC_HHDI","A","1998",3.44317779162543,
"LUX","HHSAV","TOT","PC_HHDI","A","1999",3.5171145814418,
"LUX","HHSAV","TOT","PC_HHDI","A","2000",5.851324828263,
"LUX","HHSAV","TOT","PC_HHDI","A","2001",6.55168777382584,
"LUX","HHSAV","TOT","PC_HHDI","A","2002",8.15066678442109,
"LUX","HHSAV","TOT","PC_HHDI","A","2003",6.36649160745546,
"LUX","HHSAV","TOT","PC_HHDI","A","2004",6.11708979100012,
"LUX","HHSAV","TOT","PC_HHDI","A","2005",5.18173650249122,
"LUX","HHSAV","TOT","PC_HHDI","A","2006",4.52340369739085,
"LUX","HHSAV","TOT","PC_HHDI","A","2007",4.99508271316805,
"LUX","HHSAV","TOT","PC_HHDI","A","2008",5.21135357851366,
"LUX","HHSAV","TOT","PC_HHDI","A","2009",7.31622327950144,
"LUX","HHSAV","TOT","PC_HHDI","A","2010",5.4893622538279,
"LUX","HHSAV","TOT","PC_HHDI","A","2011",6.14877375145323,
"LUX","HHSAV","TOT","PC_HHDI","A","2012",6.38408933619547,
"LUX","HHSAV","TOT","PC_HHDI","A","2013",9.86878407310129,
"LUX","HHSAV","TOT","PC_HHDI","A","2014",9.74722512196681,
"LUX","HHSAV","TOT","PC_HHDI","A","2015",7.38505218328558,
"LUX","HHSAV","TOT","PC_HHDI","A","2016",5.96033959478304,
"LUX","HHSAV","TOT","PC_HHDI","A","2017",7.41497381596363,
"LUX","HHSAV","TOT","PC_HHDI","A","2018",6.56016221020665,
"LUX","HHSAV","TOT","PC_HHDI","A","2019",8.28263594397593,
"LUX","HHSAV","TOT","PC_HHDI","A","2020",19.0333393581886,
"LUX","HHSAV","TOT","PC_HHDI","A","2021",12.3866996850432,
"MEX","HHSAV","TOT","PC_HHDI","A","2003",5.09958349129485,
"MEX","HHSAV","TOT","PC_HHDI","A","2004",5.84632418067207,
"MEX","HHSAV","TOT","PC_HHDI","A","2005",5.98157396690822,
"MEX","HHSAV","TOT","PC_HHDI","A","2006",7.74984662598011,
"MEX","HHSAV","TOT","PC_HHDI","A","2007",6.87721086605497,
"MEX","HHSAV","TOT","PC_HHDI","A","2008",7.0217927886008,
"MEX","HHSAV","TOT","PC_HHDI","A","2009",15.0845014992316,
"MEX","HHSAV","TOT","PC_HHDI","A","2010",14.5361786887253,
"MEX","HHSAV","TOT","PC_HHDI","A","2011",15.748727926487,
"MEX","HHSAV","TOT","PC_HHDI","A","2012",14.6475257037987,
"MEX","HHSAV","TOT","PC_HHDI","A","2013",12.2279474355126,
"MEX","HHSAV","TOT","PC_HHDI","A","2014",14.3334862040684,
"MEX","HHSAV","TOT","PC_HHDI","A","2015",15.3512066105801,
"MEX","HHSAV","TOT","PC_HHDI","A","2016",13.9799754987887,
"MEX","HHSAV","TOT","PC_HHDI","A","2017",13.0160532111754,
"MEX","HHSAV","TOT","PC_HHDI","A","2018",10.2316038800643,
"MEX","HHSAV","TOT","PC_HHDI","A","2019",15.580941260084,
"MEX","HHSAV","TOT","PC_HHDI","A","2020",20.0926198050331,
"NLD","HHSAV","TOT","PC_HHDI","A","1995",10.3405391362986,
"NLD","HHSAV","TOT","PC_HHDI","A","1996",8.92077816406539,
"NLD","HHSAV","TOT","PC_HHDI","A","1997",8.75973303670745,
"NLD","HHSAV","TOT","PC_HHDI","A","1998",6.92298631234245,
"NLD","HHSAV","TOT","PC_HHDI","A","1999",4.67994844807217,
"NLD","HHSAV","TOT","PC_HHDI","A","2000",4.07933516323665,
"NLD","HHSAV","TOT","PC_HHDI","A","2001",5.07381572015385,
"NLD","HHSAV","TOT","PC_HHDI","A","2002",5.10089367838934,
"NLD","HHSAV","TOT","PC_HHDI","A","2003",4.78395463177337,
"NLD","HHSAV","TOT","PC_HHDI","A","2004",4.51768535684569,
"NLD","HHSAV","TOT","PC_HHDI","A","2005",2.9321193786304,
"NLD","HHSAV","TOT","PC_HHDI","A","2006",2.31977651969792,
"NLD","HHSAV","TOT","PC_HHDI","A","2007",2.31526892267451,
"NLD","HHSAV","TOT","PC_HHDI","A","2008",4.20336191130884,
"NLD","HHSAV","TOT","PC_HHDI","A","2009",8.03381914807956,
"NLD","HHSAV","TOT","PC_HHDI","A","2010",6.28409395172087,
"NLD","HHSAV","TOT","PC_HHDI","A","2011",7.22231773071814,
"NLD","HHSAV","TOT","PC_HHDI","A","2012",8.95367825705979,
"NLD","HHSAV","TOT","PC_HHDI","A","2013",9.21230361983156,
"NLD","HHSAV","TOT","PC_HHDI","A","2014",10.5241023559755,
"NLD","HHSAV","TOT","PC_HHDI","A","2015",10.1804678582265,
"NLD","HHSAV","TOT","PC_HHDI","A","2016",10.7813523340636,
"NLD","HHSAV","TOT","PC_HHDI","A","2017",9.27310027445871,
"NLD","HHSAV","TOT","PC_HHDI","A","2018",9.82795080084586,
"NLD","HHSAV","TOT","PC_HHDI","A","2019",12.0194999589396,
"NLD","HHSAV","TOT","PC_HHDI","A","2020",18.8320171873185,"E"
"NLD","HHSAV","TOT","PC_HHDI","A","2021",17.622963025753,"E"
"NZL","HHSAV","TOT","PC_HHDI","A","1986",4.92599894482548,
"NZL","HHSAV","TOT","PC_HHDI","A","1987",7.04680321592649,
"NZL","HHSAV","TOT","PC_HHDI","A","1988",5.45553737043099,
"NZL","HHSAV","TOT","PC_HHDI","A","1989",4.1137931785038,
"NZL","HHSAV","TOT","PC_HHDI","A","1990",2.48268513585509,
"NZL","HHSAV","TOT","PC_HHDI","A","1991",5.38727596687978,
"NZL","HHSAV","TOT","PC_HHDI","A","1992",1.45677797505722,
"NZL","HHSAV","TOT","PC_HHDI","A","1993",1.45383024453546,
"NZL","HHSAV","TOT","PC_HHDI","A","1994",-0.674845466059243,
"NZL","HHSAV","TOT","PC_HHDI","A","1995",-0.708669936526255,
"NZL","HHSAV","TOT","PC_HHDI","A","1996",-1.29872334646204,
"NZL","HHSAV","TOT","PC_HHDI","A","1997",-0.690687233797629,
"NZL","HHSAV","TOT","PC_HHDI","A","1998",-1.60537526625736,
"NZL","HHSAV","TOT","PC_HHDI","A","1999",3.00695896216959,
"NZL","HHSAV","TOT","PC_HHDI","A","2000",-2.57120368480891,
"NZL","HHSAV","TOT","PC_HHDI","A","2001",-1.5119477037467,
"NZL","HHSAV","TOT","PC_HHDI","A","2002",-6.59572428338606,
"NZL","HHSAV","TOT","PC_HHDI","A","2003",-4.14956622763263,
"NZL","HHSAV","TOT","PC_HHDI","A","2004",-3.78813509887418,
"NZL","HHSAV","TOT","PC_HHDI","A","2005",-5.78888007950777,
"NZL","HHSAV","TOT","PC_HHDI","A","2006",-3.82820083854844,
"NZL","HHSAV","TOT","PC_HHDI","A","2007",-0.114935010325462,
"NZL","HHSAV","TOT","PC_HHDI","A","2008",-2.08728129082111,
"NZL","HHSAV","TOT","PC_HHDI","A","2009",1.27522552836248,
"NZL","HHSAV","TOT","PC_HHDI","A","2010",2.12188741401027,
"NZL","HHSAV","TOT","PC_HHDI","A","2011",2.67890438898909,
"NZL","HHSAV","TOT","PC_HHDI","A","2012",1.24339024021756,
"NZL","HHSAV","TOT","PC_HHDI","A","2013",0.881951919626839,
"NZL","HHSAV","TOT","PC_HHDI","A","2014",-0.2621694347793,
"NZL","HHSAV","TOT","PC_HHDI","A","2015",-0.058920106983026,
"NZL","HHSAV","TOT","PC_HHDI","A","2016",0.31174737459809,
"NZL","HHSAV","TOT","PC_HHDI","A","2017",0.163636887442021,
"NZL","HHSAV","TOT","PC_HHDI","A","2018",1.09917213571827,
"NZL","HHSAV","TOT","PC_HHDI","A","2019",3.11430458539319,
"NZL","HHSAV","TOT","PC_HHDI","A","2020",5.53689976193702,"E"
"NOR","HHSAV","TOT","PC_HHDI","A","1978",5.82912864417126,
"NOR","HHSAV","TOT","PC_HHDI","A","1979",1.71871786585187,
"NOR","HHSAV","TOT","PC_HHDI","A","1980",2.95394237444285,
"NOR","HHSAV","TOT","PC_HHDI","A","1981",5.32691437730728,
"NOR","HHSAV","TOT","PC_HHDI","A","1982",4.66069295698629,
"NOR","HHSAV","TOT","PC_HHDI","A","1983",4.46309606895864,
"NOR","HHSAV","TOT","PC_HHDI","A","1984",5.12595882945689,
"NOR","HHSAV","TOT","PC_HHDI","A","1985",-1.53701368224128,
"NOR","HHSAV","TOT","PC_HHDI","A","1986",-4.20499297254422,
"NOR","HHSAV","TOT","PC_HHDI","A","1987",-4.07049055872329,
"NOR","HHSAV","TOT","PC_HHDI","A","1988",-0.742336731183574,
"NOR","HHSAV","TOT","PC_HHDI","A","1989",1.4708255592393,
"NOR","HHSAV","TOT","PC_HHDI","A","1990",2.28465707483918,
"NOR","HHSAV","TOT","PC_HHDI","A","1991",2.85767238702051,
"NOR","HHSAV","TOT","PC_HHDI","A","1992",4.8247649858171,
"NOR","HHSAV","TOT","PC_HHDI","A","1993",5.89688687550599,
"NOR","HHSAV","TOT","PC_HHDI","A","1994",5.00960259376965,
"NOR","HHSAV","TOT","PC_HHDI","A","1995",4.34567118824471,
"NOR","HHSAV","TOT","PC_HHDI","A","1996",2.06044168328002,
"NOR","HHSAV","TOT","PC_HHDI","A","1997",2.63216287690019,
"NOR","HHSAV","TOT","PC_HHDI","A","1998",5.3104040637886,
"NOR","HHSAV","TOT","PC_HHDI","A","1999",4.28936243886252,
"NOR","HHSAV","TOT","PC_HHDI","A","2000",3.83063637579395,
"NOR","HHSAV","TOT","PC_HHDI","A","2001",2.59643808673373,
"NOR","HHSAV","TOT","PC_HHDI","A","2002",7.83654068328107,
"NOR","HHSAV","TOT","PC_HHDI","A","2003",8.33436454352862,
"NOR","HHSAV","TOT","PC_HHDI","A","2004",6.5377515895624,
"NOR","HHSAV","TOT","PC_HHDI","A","2005",9.32188197715161,
"NOR","HHSAV","TOT","PC_HHDI","A","2006",-0.888227842374338,
"NOR","HHSAV","TOT","PC_HHDI","A","2007",0.204670602021109,
"NOR","HHSAV","TOT","PC_HHDI","A","2008",2.85480495579619,
"NOR","HHSAV","TOT","PC_HHDI","A","2009",4.52183348812797,
"NOR","HHSAV","TOT","PC_HHDI","A","2010",3.73434540481236,
"NOR","HHSAV","TOT","PC_HHDI","A","2011",5.79433368134891,
"NOR","HHSAV","TOT","PC_HHDI","A","2012",6.89523107150742,
"NOR","HHSAV","TOT","PC_HHDI","A","2013",7.20282664261013,
"NOR","HHSAV","TOT","PC_HHDI","A","2014",7.72147456328203,
"NOR","HHSAV","TOT","PC_HHDI","A","2015",9.75361080716551,
"NOR","HHSAV","TOT","PC_HHDI","A","2016",6.8889674663092,
"NOR","HHSAV","TOT","PC_HHDI","A","2017",6.55606133433741,
"NOR","HHSAV","TOT","PC_HHDI","A","2018",5.906375772545,
"NOR","HHSAV","TOT","PC_HHDI","A","2019",7.04633846700844,
"NOR","HHSAV","TOT","PC_HHDI","A","2020",14.247355164304,
"NOR","HHSAV","TOT","PC_HHDI","A","2021",15.1413455858221,
"POL","HHSAV","TOT","PC_HHDI","A","1999",9.94649898753064,
"POL","HHSAV","TOT","PC_HHDI","A","2000",10.1531767342856,
"POL","HHSAV","TOT","PC_HHDI","A","2001",11.6555540587117,
"POL","HHSAV","TOT","PC_HHDI","A","2002",8.27014177774005,
"POL","HHSAV","TOT","PC_HHDI","A","2003",7.30236197945154,
"POL","HHSAV","TOT","PC_HHDI","A","2004",2.77956573631727,
"POL","HHSAV","TOT","PC_HHDI","A","2005",2.12530014049629,
"POL","HHSAV","TOT","PC_HHDI","A","2006",2.18909853372952,
"POL","HHSAV","TOT","PC_HHDI","A","2007",1.88202596812866,
"POL","HHSAV","TOT","PC_HHDI","A","2008",0.1011003125831,
"POL","HHSAV","TOT","PC_HHDI","A","2009",2.48182198511183,
"POL","HHSAV","TOT","PC_HHDI","A","2010",4.13478190716936,
"POL","HHSAV","TOT","PC_HHDI","A","2011",1.36875399499586,
"POL","HHSAV","TOT","PC_HHDI","A","2012",1.41418229906062,
"POL","HHSAV","TOT","PC_HHDI","A","2013",2.21526848421712,
"POL","HHSAV","TOT","PC_HHDI","A","2014",3.67988557272842,
"POL","HHSAV","TOT","PC_HHDI","A","2015",2.17229529477589,
"POL","HHSAV","TOT","PC_HHDI","A","2016",4.29632087529319,
"POL","HHSAV","TOT","PC_HHDI","A","2017",1.88724470263162,
"POL","HHSAV","TOT","PC_HHDI","A","2018",1.39299578398165,
"POL","HHSAV","TOT","PC_HHDI","A","2019",2.52317164599962,
"POL","HHSAV","TOT","PC_HHDI","A","2020",9.45781229766367,
"POL","HHSAV","TOT","PC_HHDI","A","2021",0.650756886314479,
"PRT","HHSAV","TOT","PC_HHDI","A","1995",7.55220129071784,
"PRT","HHSAV","TOT","PC_HHDI","A","1996",6.43319594980258,
"PRT","HHSAV","TOT","PC_HHDI","A","1997",6.16581974683623,
"PRT","HHSAV","TOT","PC_HHDI","A","1998",7.62501672646728,
"PRT","HHSAV","TOT","PC_HHDI","A","1999",7.18370345585347,
"PRT","HHSAV","TOT","PC_HHDI","A","2000",6.08353163473617,
"PRT","HHSAV","TOT","PC_HHDI","A","2001",6.38331816187255,
"PRT","HHSAV","TOT","PC_HHDI","A","2002",6.21946347963726,
"PRT","HHSAV","TOT","PC_HHDI","A","2003",5.61122172139326,
"PRT","HHSAV","TOT","PC_HHDI","A","2004",4.07102849512569,
"PRT","HHSAV","TOT","PC_HHDI","A","2005",2.76420371094835,
"PRT","HHSAV","TOT","PC_HHDI","A","2006",0.835053617769783,
"PRT","HHSAV","TOT","PC_HHDI","A","2007",-0.39922291804216,
"PRT","HHSAV","TOT","PC_HHDI","A","2008",-0.869490690387154,
"PRT","HHSAV","TOT","PC_HHDI","A","2009",4.06774259251874,
"PRT","HHSAV","TOT","PC_HHDI","A","2010",1.57231144372316,
"PRT","HHSAV","TOT","PC_HHDI","A","2011",0.607412319913274,
"PRT","HHSAV","TOT","PC_HHDI","A","2012",2.06846263787415,
"PRT","HHSAV","TOT","PC_HHDI","A","2013",1.64529912532667,
"PRT","HHSAV","TOT","PC_HHDI","A","2014",-1.41759032276979,
"PRT","HHSAV","TOT","PC_HHDI","A","2015",-1.19186938909014,
"PRT","HHSAV","TOT","PC_HHDI","A","2016",-1.30554464616626,
"PRT","HHSAV","TOT","PC_HHDI","A","2017",-2.24142170232875,
"PRT","HHSAV","TOT","PC_HHDI","A","2018",-2.46664133736181,
"PRT","HHSAV","TOT","PC_HHDI","A","2019",-2.17080711745552,
"PRT","HHSAV","TOT","PC_HHDI","A","2020",2.09825708907234,
"PRT","HHSAV","TOT","PC_HHDI","A","2021",-0.752287691938333,"E"
"SVK","HHSAV","TOT","PC_HHDI","A","1995",3.07621645483849,
"SVK","HHSAV","TOT","PC_HHDI","A","1996",6.81904302959188,
"SVK","HHSAV","TOT","PC_HHDI","A","1997",8.7105162731448,
"SVK","HHSAV","TOT","PC_HHDI","A","1998",6.86721203849819,
"SVK","HHSAV","TOT","PC_HHDI","A","1999",5.31394185233971,
"SVK","HHSAV","TOT","PC_HHDI","A","2000",4.57853205209339,
"SVK","HHSAV","TOT","PC_HHDI","A","2001",2.43734333421161,
"SVK","HHSAV","TOT","PC_HHDI","A","2002",1.55104549955876,
"SVK","HHSAV","TOT","PC_HHDI","A","2003",0.842879125089262,
"SVK","HHSAV","TOT","PC_HHDI","A","2004",0.356736569131661,
"SVK","HHSAV","TOT","PC_HHDI","A","2005",0.8148934425919,
"SVK","HHSAV","TOT","PC_HHDI","A","2006",0.308470739092077,
"SVK","HHSAV","TOT","PC_HHDI","A","2007",1.04528072334458,
"SVK","HHSAV","TOT","PC_HHDI","A","2008",0.236964287263504,
"SVK","HHSAV","TOT","PC_HHDI","A","2009",1.69081556895549,
"SVK","HHSAV","TOT","PC_HHDI","A","2010",3.19849229409838,
"SVK","HHSAV","TOT","PC_HHDI","A","2011",2.14754849918497,
"SVK","HHSAV","TOT","PC_HHDI","A","2012",1.28366930777996,
"SVK","HHSAV","TOT","PC_HHDI","A","2013",0.184586503302302,
"SVK","HHSAV","TOT","PC_HHDI","A","2014",0.802625738610017,
"SVK","HHSAV","TOT","PC_HHDI","A","2015",3.22636691938137,
"SVK","HHSAV","TOT","PC_HHDI","A","2016",3.32132856953084,
"SVK","HHSAV","TOT","PC_HHDI","A","2017",2.10983208417815,
"SVK","HHSAV","TOT","PC_HHDI","A","2018",4.67889649447625,
"SVK","HHSAV","TOT","PC_HHDI","A","2019",3.95813592358027,
"SVK","HHSAV","TOT","PC_HHDI","A","2020",5.62123085123115,
"SVK","HHSAV","TOT","PC_HHDI","A","2021",3.30733100365128,
"ESP","HHSAV","TOT","PC_HHDI","A","1995",4.89916276487337,
"ESP","HHSAV","TOT","PC_HHDI","A","1996",5.89917575688168,
"ESP","HHSAV","TOT","PC_HHDI","A","1997",6.95585666286728,
"ESP","HHSAV","TOT","PC_HHDI","A","1998",7.17657032065289,
"ESP","HHSAV","TOT","PC_HHDI","A","1999",6.17961793537136,
"ESP","HHSAV","TOT","PC_HHDI","A","2000",6.59963291038225,
"ESP","HHSAV","TOT","PC_HHDI","A","2001",6.44997140451133,
"ESP","HHSAV","TOT","PC_HHDI","A","2002",6.08309650750405,
"ESP","HHSAV","TOT","PC_HHDI","A","2003",7.07961593678393,
"ESP","HHSAV","TOT","PC_HHDI","A","2004",5.07049732138624,
"ESP","HHSAV","TOT","PC_HHDI","A","2005",4.26515099004182,
"ESP","HHSAV","TOT","PC_HHDI","A","2006",2.36010600861404,
"ESP","HHSAV","TOT","PC_HHDI","A","2007",0.772101258446608,
"ESP","HHSAV","TOT","PC_HHDI","A","2008",3.07682484082243,
"ESP","HHSAV","TOT","PC_HHDI","A","2009",6.9458626572178,
"ESP","HHSAV","TOT","PC_HHDI","A","2010",5.06468932062502,
"ESP","HHSAV","TOT","PC_HHDI","A","2011",5.90750549806244,
"ESP","HHSAV","TOT","PC_HHDI","A","2012",2.22401715488304,
"ESP","HHSAV","TOT","PC_HHDI","A","2013",3.98149034625818,
"ESP","HHSAV","TOT","PC_HHDI","A","2014",2.27614189881049,
"ESP","HHSAV","TOT","PC_HHDI","A","2015",3.1700230622558,
"ESP","HHSAV","TOT","PC_HHDI","A","2016",2.97293333014033,
"ESP","HHSAV","TOT","PC_HHDI","A","2017",1.64594967002683,
"ESP","HHSAV","TOT","PC_HHDI","A","2018",1.39629168610855,
"ESP","HHSAV","TOT","PC_HHDI","A","2019",4.10522275487033,
"ESP","HHSAV","TOT","PC_HHDI","A","2020",13.739640299938,
"ESP","HHSAV","TOT","PC_HHDI","A","2021",9.56239848745475,
"SWE","HHSAV","TOT","PC_HHDI","A","1995",4.86800454200262,
"SWE","HHSAV","TOT","PC_HHDI","A","1996",2.76230975364973,
"SWE","HHSAV","TOT","PC_HHDI","A","1997",-1.07773951625771,
"SWE","HHSAV","TOT","PC_HHDI","A","1998",-1.1564061964868,
"SWE","HHSAV","TOT","PC_HHDI","A","1999",-0.983125499870456,
"SWE","HHSAV","TOT","PC_HHDI","A","2000",0.422216304928584,
"SWE","HHSAV","TOT","PC_HHDI","A","2001",4.80867057301452,
"SWE","HHSAV","TOT","PC_HHDI","A","2002",5.15316850277837,
"SWE","HHSAV","TOT","PC_HHDI","A","2003",4.649656449315,
"SWE","HHSAV","TOT","PC_HHDI","A","2004",3.3157444223344,
"SWE","HHSAV","TOT","PC_HHDI","A","2005",2.86277382968892,
"SWE","HHSAV","TOT","PC_HHDI","A","2006",5.01063178581784,
"SWE","HHSAV","TOT","PC_HHDI","A","2007",7.71589486471317,
"SWE","HHSAV","TOT","PC_HHDI","A","2008",9.46751263071319,
"SWE","HHSAV","TOT","PC_HHDI","A","2009",8.85867604746909,
"SWE","HHSAV","TOT","PC_HHDI","A","2010",9.8018615775939,
"SWE","HHSAV","TOT","PC_HHDI","A","2011",10.7168162341962,
"SWE","HHSAV","TOT","PC_HHDI","A","2012",13.1721826585409,
"SWE","HHSAV","TOT","PC_HHDI","A","2013",13.4200605678355,
"SWE","HHSAV","TOT","PC_HHDI","A","2014",13.8376469666273,
"SWE","HHSAV","TOT","PC_HHDI","A","2015",11.9980745730595,
"SWE","HHSAV","TOT","PC_HHDI","A","2016",13.3599453267323,
"SWE","HHSAV","TOT","PC_HHDI","A","2017",12.0940159747504,
"SWE","HHSAV","TOT","PC_HHDI","A","2018",13.585534226145,
"SWE","HHSAV","TOT","PC_HHDI","A","2019",15.6552521607326,
"SWE","HHSAV","TOT","PC_HHDI","A","2020",17.0354659847773,
"SWE","HHSAV","TOT","PC_HHDI","A","2021",15.4558074474924,
"CHE","HHSAV","TOT","PC_HHDI","A","1995",12.8998870492437,
"CHE","HHSAV","TOT","PC_HHDI","A","1996",11.5979464614078,
"CHE","HHSAV","TOT","PC_HHDI","A","1997",13.9839605943685,
"CHE","HHSAV","TOT","PC_HHDI","A","1998",13.3691572406789,
"CHE","HHSAV","TOT","PC_HHDI","A","1999",14.755857279043,
"CHE","HHSAV","TOT","PC_HHDI","A","2000",14.5558348705993,
"CHE","HHSAV","TOT","PC_HHDI","A","2001",14.9749813436966,
"CHE","HHSAV","TOT","PC_HHDI","A","2002",14.2828262319291,
"CHE","HHSAV","TOT","PC_HHDI","A","2003",13.344046716141,
"CHE","HHSAV","TOT","PC_HHDI","A","2004",12.9480297515102,
"CHE","HHSAV","TOT","PC_HHDI","A","2005",14.2005563001247,
"CHE","HHSAV","TOT","PC_HHDI","A","2006",15.8207191820229,
"CHE","HHSAV","TOT","PC_HHDI","A","2007",17.7660097190622,
"CHE","HHSAV","TOT","PC_HHDI","A","2008",17.1220571252387,
"CHE","HHSAV","TOT","PC_HHDI","A","2009",16.8614812709582,
"CHE","HHSAV","TOT","PC_HHDI","A","2010",17.0691544309441,
"CHE","HHSAV","TOT","PC_HHDI","A","2011",17.0112824030798,
"CHE","HHSAV","TOT","PC_HHDI","A","2012",17.1177809528695,
"CHE","HHSAV","TOT","PC_HHDI","A","2013",17.5049462187495,
"CHE","HHSAV","TOT","PC_HHDI","A","2014",18.6350891355231,
"CHE","HHSAV","TOT","PC_HHDI","A","2015",17.7864866385662,
"CHE","HHSAV","TOT","PC_HHDI","A","2016",17.2662360878317,
"CHE","HHSAV","TOT","PC_HHDI","A","2017",16.3578059079247,
"CHE","HHSAV","TOT","PC_HHDI","A","2018",15.861183194229,
"CHE","HHSAV","TOT","PC_HHDI","A","2019",17.3070606830441,
"CHE","HHSAV","TOT","PC_HHDI","A","2020",22.4513309498602,"E"
"CHE","HHSAV","TOT","PC_HHDI","A","2021",21.8669034029374,"E"
"GBR","HHSAV","TOT","PC_HHDI","A","1995",10.0858848590075,
"GBR","HHSAV","TOT","PC_HHDI","A","1996",8.95768115580164,
"GBR","HHSAV","TOT","PC_HHDI","A","1997",6.33290537036234,
"GBR","HHSAV","TOT","PC_HHDI","A","1998",3.16893008361397,
"GBR","HHSAV","TOT","PC_HHDI","A","1999",1.91221680734214,
"GBR","HHSAV","TOT","PC_HHDI","A","2000",3.98318130401518,
"GBR","HHSAV","TOT","PC_HHDI","A","2001",3.84111376852789,
"GBR","HHSAV","TOT","PC_HHDI","A","2002",3.64187512870549,
"GBR","HHSAV","TOT","PC_HHDI","A","2003",2.35541951575733,
"GBR","HHSAV","TOT","PC_HHDI","A","2004",2.62347385213147,
"GBR","HHSAV","TOT","PC_HHDI","A","2005",2.16862336269098,
"GBR","HHSAV","TOT","PC_HHDI","A","2006",2.58613452128371,
"GBR","HHSAV","TOT","PC_HHDI","A","2007",3.79463719133,
"GBR","HHSAV","TOT","PC_HHDI","A","2008",2.82815818308217,
"GBR","HHSAV","TOT","PC_HHDI","A","2009",5.56888044751468,
"GBR","HHSAV","TOT","PC_HHDI","A","2010",6.77963188763419,
"GBR","HHSAV","TOT","PC_HHDI","A","2011",4.03356858064261,
"GBR","HHSAV","TOT","PC_HHDI","A","2012",3.11961369945923,
"GBR","HHSAV","TOT","PC_HHDI","A","2013",2.7812867461784,
"GBR","HHSAV","TOT","PC_HHDI","A","2014",1.7301690884188,
"GBR","HHSAV","TOT","PC_HHDI","A","2015",4.21960599663274,
"GBR","HHSAV","TOT","PC_HHDI","A","2016",0.560620008630819,
"GBR","HHSAV","TOT","PC_HHDI","A","2017",-0.70832222445232,
"GBR","HHSAV","TOT","PC_HHDI","A","2018",-0.836097301264111,
"GBR","HHSAV","TOT","PC_HHDI","A","2019",-0.657540642819897,
"GBR","HHSAV","TOT","PC_HHDI","A","2020",10.2190559402031,
"GBR","HHSAV","TOT","PC_HHDI","A","2021",6.91060127920231,
"USA","HHSAV","TOT","PC_HHDI","A","1970",13.1111903069122,
"USA","HHSAV","TOT","PC_HHDI","A","1971",13.7861756250125,
"USA","HHSAV","TOT","PC_HHDI","A","1972",12.6780689546293,
"USA","HHSAV","TOT","PC_HHDI","A","1973",13.7825487446915,
"USA","HHSAV","TOT","PC_HHDI","A","1974",13.588925649352,
"USA","HHSAV","TOT","PC_HHDI","A","1975",13.7309986303475,
"USA","HHSAV","TOT","PC_HHDI","A","1976",11.8569749728771,
"USA","HHSAV","TOT","PC_HHDI","A","1977",10.9057634641403,
"USA","HHSAV","TOT","PC_HHDI","A","1978",10.9597924618742,
"USA","HHSAV","TOT","PC_HHDI","A","1979",10.5395041180513,
"USA","HHSAV","TOT","PC_HHDI","A","1980",11.3470699824654,
"USA","HHSAV","TOT","PC_HHDI","A","1981",12.0698455881309,
"USA","HHSAV","TOT","PC_HHDI","A","1982",12.405173260168,
"USA","HHSAV","TOT","PC_HHDI","A","1983",10.3711726918842,
"USA","HHSAV","TOT","PC_HHDI","A","1984",11.7031087037457,
"USA","HHSAV","TOT","PC_HHDI","A","1985",9.50475465045598,
"USA","HHSAV","TOT","PC_HHDI","A","1986",9.14741619024057,
"USA","HHSAV","TOT","PC_HHDI","A","1987",8.21628453167177,
"USA","HHSAV","TOT","PC_HHDI","A","1988",8.77932000332824,
"USA","HHSAV","TOT","PC_HHDI","A","1989",8.68014393579899,
"USA","HHSAV","TOT","PC_HHDI","A","1990",8.65974158447973,
"USA","HHSAV","TOT","PC_HHDI","A","1991",9.12485358420481,
"USA","HHSAV","TOT","PC_HHDI","A","1992",9.75766614545771,
"USA","HHSAV","TOT","PC_HHDI","A","1993",8.19988167981981,
"USA","HHSAV","TOT","PC_HHDI","A","1994",7.14716462132461,
"USA","HHSAV","TOT","PC_HHDI","A","1995",7.23519825547431,
"USA","HHSAV","TOT","PC_HHDI","A","1996",6.79362010393128,
"USA","HHSAV","TOT","PC_HHDI","A","1997",6.58466165319367,
"USA","HHSAV","TOT","PC_HHDI","A","1998",7.06113661640694,
"USA","HHSAV","TOT","PC_HHDI","A","1999",5.19074518000135,
"USA","HHSAV","TOT","PC_HHDI","A","2000",4.93692008204525,
"USA","HHSAV","TOT","PC_HHDI","A","2001",5.13399192390168,
"USA","HHSAV","TOT","PC_HHDI","A","2002",5.92068481889222,
"USA","HHSAV","TOT","PC_HHDI","A","2003",5.57073159901986,
"USA","HHSAV","TOT","PC_HHDI","A","2004",5.13331739765886,
"USA","HHSAV","TOT","PC_HHDI","A","2005",2.96559030650522,
"USA","HHSAV","TOT","PC_HHDI","A","2006",3.72205123858535,
"USA","HHSAV","TOT","PC_HHDI","A","2007",3.49197604206721,
"USA","HHSAV","TOT","PC_HHDI","A","2008",4.76954669754714,
"USA","HHSAV","TOT","PC_HHDI","A","2009",6.07420138752618,
"USA","HHSAV","TOT","PC_HHDI","A","2010",6.46618978176681,
"USA","HHSAV","TOT","PC_HHDI","A","2011",7.00576253845557,
"USA","HHSAV","TOT","PC_HHDI","A","2012",8.85339445208754,
"USA","HHSAV","TOT","PC_HHDI","A","2013",6.31511563964384,
"USA","HHSAV","TOT","PC_HHDI","A","2014",7.28493535942211,
"USA","HHSAV","TOT","PC_HHDI","A","2015",7.78193509097298,
"USA","HHSAV","TOT","PC_HHDI","A","2016",7.22044406846336,
"USA","HHSAV","TOT","PC_HHDI","A","2017",7.50495148785087,
"USA","HHSAV","TOT","PC_HHDI","A","2018",7.82418552006409,
"USA","HHSAV","TOT","PC_HHDI","A","2019",9.1331340730444,
"USA","HHSAV","TOT","PC_HHDI","A","2020",17.4903585421113,
"USA","HHSAV","TOT","PC_HHDI","A","2021",12.3629039180629,
"CHL","HHSAV","TOT","PC_HHDI","A","2003",14.6917334015159,
"CHL","HHSAV","TOT","PC_HHDI","A","2004",12.7085881307382,
"CHL","HHSAV","TOT","PC_HHDI","A","2005",11.4267979322216,
"CHL","HHSAV","TOT","PC_HHDI","A","2006",12.663436612897,
"CHL","HHSAV","TOT","PC_HHDI","A","2007",9.06162854036799,
"CHL","HHSAV","TOT","PC_HHDI","A","2008",10.9081471718196,
"CHL","HHSAV","TOT","PC_HHDI","A","2009",11.6612366804442,
"CHL","HHSAV","TOT","PC_HHDI","A","2010",9.40395965258791,
"CHL","HHSAV","TOT","PC_HHDI","A","2011",9.89843788658875,
"CHL","HHSAV","TOT","PC_HHDI","A","2012",12.6442112377372,
"CHL","HHSAV","TOT","PC_HHDI","A","2013",12.2629652754634,
"CHL","HHSAV","TOT","PC_HHDI","A","2014",11.6550929459661,
"CHL","HHSAV","TOT","PC_HHDI","A","2015",9.77996240860758,
"CHL","HHSAV","TOT","PC_HHDI","A","2016",10.4392916490629,
"CHL","HHSAV","TOT","PC_HHDI","A","2017",8.86427204805667,
"CHL","HHSAV","TOT","PC_HHDI","A","2018",8.91362351718989,
"CHL","HHSAV","TOT","PC_HHDI","A","2019",11.6135260243613,
"CHL","HHSAV","TOT","PC_HHDI","A","2020",11.7558278907823,
"EST","HHSAV","TOT","PC_HHDI","A","1995",12.4870097905158,
"EST","HHSAV","TOT","PC_HHDI","A","1996",5.47477613263587,
"EST","HHSAV","TOT","PC_HHDI","A","1997",-1.0441675241035,
"EST","HHSAV","TOT","PC_HHDI","A","1998",-1.26634834959518,
"EST","HHSAV","TOT","PC_HHDI","A","1999",-1.50370914923478,
"EST","HHSAV","TOT","PC_HHDI","A","2000",0,
"EST","HHSAV","TOT","PC_HHDI","A","2001",-2.21379549763666,
"EST","HHSAV","TOT","PC_HHDI","A","2002",-10.4682563945786,
"EST","HHSAV","TOT","PC_HHDI","A","2003",-9.70084888102047,
"EST","HHSAV","TOT","PC_HHDI","A","2004",-11.2228562045893,
"EST","HHSAV","TOT","PC_HHDI","A","2005",-9.19023250048696,
"EST","HHSAV","TOT","PC_HHDI","A","2006",-8.10413079628567,
"EST","HHSAV","TOT","PC_HHDI","A","2007",-7.18552419907967,
"EST","HHSAV","TOT","PC_HHDI","A","2008",2.87026784050169,
"EST","HHSAV","TOT","PC_HHDI","A","2009",7.38174222877503,
"EST","HHSAV","TOT","PC_HHDI","A","2010",3.45646009518694,
"EST","HHSAV","TOT","PC_HHDI","A","2011",4.40634659913995,
"EST","HHSAV","TOT","PC_HHDI","A","2012",0.701605071633551,
"EST","HHSAV","TOT","PC_HHDI","A","2013",2.59036747772104,
"EST","HHSAV","TOT","PC_HHDI","A","2014",4.23887919241474,
"EST","HHSAV","TOT","PC_HHDI","A","2015",5.85712763690603,
"EST","HHSAV","TOT","PC_HHDI","A","2016",6.24308929468923,
"EST","HHSAV","TOT","PC_HHDI","A","2017",7.57173302035396,
"EST","HHSAV","TOT","PC_HHDI","A","2018",8.44100945483239,
"EST","HHSAV","TOT","PC_HHDI","A","2019",7.75737023029693,
"EST","HHSAV","TOT","PC_HHDI","A","2020",10.5470387840671,
"EST","HHSAV","TOT","PC_HHDI","A","2021",6.47829551702197,
"RUS","HHSAV","TOT","PC_HHDI","A","2011",3.74302693707246,
"RUS","HHSAV","TOT","PC_HHDI","A","2012",3.54421435841007,
"RUS","HHSAV","TOT","PC_HHDI","A","2013",3.97592241821016,
"RUS","HHSAV","TOT","PC_HHDI","A","2014",4.14866424179391,
"RUS","HHSAV","TOT","PC_HHDI","A","2015",9.20605213646241,
"RUS","HHSAV","TOT","PC_HHDI","A","2016",9.51221496409863,
"RUS","HHSAV","TOT","PC_HHDI","A","2017",8.7126447863131,
"RUS","HHSAV","TOT","PC_HHDI","A","2018",5.20374929457421,
"RUS","HHSAV","TOT","PC_HHDI","A","2019",4.33133428208762,
"SVN","HHSAV","TOT","PC_HHDI","A","1995",4.55291083972368,
"SVN","HHSAV","TOT","PC_HHDI","A","1996",4.77585343958865,
"SVN","HHSAV","TOT","PC_HHDI","A","1997",7.37940897428108,
"SVN","HHSAV","TOT","PC_HHDI","A","1998",6.26541681924642,
"SVN","HHSAV","TOT","PC_HHDI","A","1999",3.53645155155009,
"SVN","HHSAV","TOT","PC_HHDI","A","2000",7.38308193838287,
"SVN","HHSAV","TOT","PC_HHDI","A","2001",9.03862611086371,
"SVN","HHSAV","TOT","PC_HHDI","A","2002",9.75758700877416,
"SVN","HHSAV","TOT","PC_HHDI","A","2003",7.14303140517883,
"SVN","HHSAV","TOT","PC_HHDI","A","2004",7.64743985060232,
"SVN","HHSAV","TOT","PC_HHDI","A","2005",10.04969895852,
"SVN","HHSAV","TOT","PC_HHDI","A","2006",11.3109635379615,
"SVN","HHSAV","TOT","PC_HHDI","A","2007",9.50399273890569,
"SVN","HHSAV","TOT","PC_HHDI","A","2008",9.16302535199375,
"SVN","HHSAV","TOT","PC_HHDI","A","2009",6.5666081726623,
"SVN","HHSAV","TOT","PC_HHDI","A","2010",5.05567960828781,
"SVN","HHSAV","TOT","PC_HHDI","A","2011",3.64822135296296,
"SVN","HHSAV","TOT","PC_HHDI","A","2012",0.80249945738471,
"SVN","HHSAV","TOT","PC_HHDI","A","2013",3.04826012831186,
"SVN","HHSAV","TOT","PC_HHDI","A","2014",3.1384956154024,
"SVN","HHSAV","TOT","PC_HHDI","A","2015",3.60150085121122,
"SVN","HHSAV","TOT","PC_HHDI","A","2016",3.80622700199885,
"SVN","HHSAV","TOT","PC_HHDI","A","2017",5.36960584505235,
"SVN","HHSAV","TOT","PC_HHDI","A","2018",6.271849283261,
"SVN","HHSAV","TOT","PC_HHDI","A","2019",6.12512401388218,
"SVN","HHSAV","TOT","PC_HHDI","A","2020",16.3344857650708,
"SVN","HHSAV","TOT","PC_HHDI","A","2021",12.1144377884555,
"ZAF","HHSAV","TOT","PC_HHDI","A","1995",2.51769609032173,
"ZAF","HHSAV","TOT","PC_HHDI","A","1996",2.16962233047746,
"ZAF","HHSAV","TOT","PC_HHDI","A","1997",3.5857272465469,
"ZAF","HHSAV","TOT","PC_HHDI","A","1998",2.65406121632408,
"ZAF","HHSAV","TOT","PC_HHDI","A","1999",2.23163899207723,
"ZAF","HHSAV","TOT","PC_HHDI","A","2000",1.94814576451505,
"ZAF","HHSAV","TOT","PC_HHDI","A","2001",1.4184269635983,
"ZAF","HHSAV","TOT","PC_HHDI","A","2002",1.57120373363773,
"ZAF","HHSAV","TOT","PC_HHDI","A","2003",1.05502393523928,
"ZAF","HHSAV","TOT","PC_HHDI","A","2004",0.920046116186326,
"ZAF","HHSAV","TOT","PC_HHDI","A","2005",0.494941372024891,
"ZAF","HHSAV","TOT","PC_HHDI","A","2006",-1.74284671820058,
"ZAF","HHSAV","TOT","PC_HHDI","A","2007",-2.26747482138619,
"ZAF","HHSAV","TOT","PC_HHDI","A","2008",-1.07652781213833,
"ZAF","HHSAV","TOT","PC_HHDI","A","2009",-0.52767515743353,
"ZAF","HHSAV","TOT","PC_HHDI","A","2010",-0.833831129105261,
"ZAF","HHSAV","TOT","PC_HHDI","A","2011",-1.27315936526715,
"ZAF","HHSAV","TOT","PC_HHDI","A","2012",-1.98956403615799,
"ZAF","HHSAV","TOT","PC_HHDI","A","2013",-2.30507645343983,
"ZAF","HHSAV","TOT","PC_HHDI","A","2014",-2.03683304030104,
"ZAF","HHSAV","TOT","PC_HHDI","A","2015",-0.830271768499236,
"ZAF","HHSAV","TOT","PC_HHDI","A","2016",-0.906378294939805,
"ZAF","HHSAV","TOT","PC_HHDI","A","2017",0.202509362670244,
"ZAF","HHSAV","TOT","PC_HHDI","A","2018",-0.104137298929162,
"ZAF","HHSAV","TOT","PC_HHDI","A","2019",-0.251802022878503,
"EA","HHSAV","TOT","PC_HHDI","A","1999",8.10146850206309,
"EA","HHSAV","TOT","PC_HHDI","A","2000",7.29366735036123,
"EA","HHSAV","TOT","PC_HHDI","A","2001",8.05901516808346,
"EA","HHSAV","TOT","PC_HHDI","A","2002",8.30537773873735,
"EA","HHSAV","TOT","PC_HHDI","A","2003",8.23104623234904,
"EA","HHSAV","TOT","PC_HHDI","A","2004",8.02577196398279,
"EA","HHSAV","TOT","PC_HHDI","A","2005",6.88704334983403,
"EA","HHSAV","TOT","PC_HHDI","A","2006",6.8009499588855,
"EA","HHSAV","TOT","PC_HHDI","A","2007",6.48695929111786,
"EA","HHSAV","TOT","PC_HHDI","A","2008",6.68584281957659,
"EA","HHSAV","TOT","PC_HHDI","A","2009",7.85275813690475,
"EA","HHSAV","TOT","PC_HHDI","A","2010",6.72185408400451,
"EA","HHSAV","TOT","PC_HHDI","A","2011",6.20400434466858,
"EA","HHSAV","TOT","PC_HHDI","A","2012",5.60367180512285,
"EA","HHSAV","TOT","PC_HHDI","A","2013",5.6326635092891,
"EA","HHSAV","TOT","PC_HHDI","A","2014",5.76641616021317,
"EA","HHSAV","TOT","PC_HHDI","A","2015",5.88516204715007,
"EA","HHSAV","TOT","PC_HHDI","A","2016",5.88594944007609,
"EA","HHSAV","TOT","PC_HHDI","A","2017",5.78967790796723,
"EA","HHSAV","TOT","PC_HHDI","A","2018",5.98601401769297,
"EA","HHSAV","TOT","PC_HHDI","A","2019",6.61589474255977,
"EA","HHSAV","TOT","PC_HHDI","A","2020",13.4805259278046,
"EA","HHSAV","TOT","PC_HHDI","A","2021",11.0594388759091,
"EU","HHSAV","TOT","PC_HHDI","A","1999",7.7188655239166,
"EU","HHSAV","TOT","PC_HHDI","A","2000",7.25039918829732,
"EU","HHSAV","TOT","PC_HHDI","A","2001",7.98840050015606,
"EU","HHSAV","TOT","PC_HHDI","A","2002",7.57512107240004,
"EU","HHSAV","TOT","PC_HHDI","A","2003",7.63721117450154,
"EU","HHSAV","TOT","PC_HHDI","A","2004",7.15500298917789,
"EU","HHSAV","TOT","PC_HHDI","A","2005",6.34651614968629,
"EU","HHSAV","TOT","PC_HHDI","A","2006",6.11985425334893,
"EU","HHSAV","TOT","PC_HHDI","A","2007",5.67292186554612,
"EU","HHSAV","TOT","PC_HHDI","A","2008",6.16460704542349,
"EU","HHSAV","TOT","PC_HHDI","A","2009",7.48861628441434,
"EU","HHSAV","TOT","PC_HHDI","A","2010",6.54918596694915,
"EU","HHSAV","TOT","PC_HHDI","A","2011",6.00455944697308,
"EU","HHSAV","TOT","PC_HHDI","A","2012",5.36944334749254,
"EU","HHSAV","TOT","PC_HHDI","A","2013",5.47264853617574,
"EU","HHSAV","TOT","PC_HHDI","A","2014",5.29246754156613,
"EU","HHSAV","TOT","PC_HHDI","A","2015",5.25460178869922,
"EU","HHSAV","TOT","PC_HHDI","A","2016",5.5801145716906,
"EU","HHSAV","TOT","PC_HHDI","A","2017",5.31294712359311,
"EU","HHSAV","TOT","PC_HHDI","A","2018",5.43008040240878,
"EU","HHSAV","TOT","PC_HHDI","A","2019",6.11646443297309,
"EU","HHSAV","TOT","PC_HHDI","A","2020",12.6608220801061,
"EU","HHSAV","TOT","PC_HHDI","A","2021",10.7874202137302,
"CAN","HHSAV","TOT","PC_HHDI","A","1981",16.089069350554,
"CAN","HHSAV","TOT","PC_HHDI","A","1982",18.674802337573,
"CAN","HHSAV","TOT","PC_HHDI","A","1983",15.1773945008633,
"CAN","HHSAV","TOT","PC_HHDI","A","1984",15.1720674055953,
"CAN","HHSAV","TOT","PC_HHDI","A","1985",14.3503704618033,
"CAN","HHSAV","TOT","PC_HHDI","A","1986",12.1303901900571,
"CAN","HHSAV","TOT","PC_HHDI","A","1987",10.7239462177463,
"CAN","HHSAV","TOT","PC_HHDI","A","1988",11.2233410551001,
"CAN","HHSAV","TOT","PC_HHDI","A","1989",11.9304653809009,
"CAN","HHSAV","TOT","PC_HHDI","A","1990",12.0614154258595,
"CAN","HHSAV","TOT","PC_HHDI","A","1991",12.1093920815805,
"CAN","HHSAV","TOT","PC_HHDI","A","1992",12.1772491928582,
"CAN","HHSAV","TOT","PC_HHDI","A","1993",11.5655114776248,
"CAN","HHSAV","TOT","PC_HHDI","A","1994",9.52969272665976,
"CAN","HHSAV","TOT","PC_HHDI","A","1995",8.71455368413602,
"CAN","HHSAV","TOT","PC_HHDI","A","1996",6.38067542612129,
"CAN","HHSAV","TOT","PC_HHDI","A","1997",4.40155756831042,
"CAN","HHSAV","TOT","PC_HHDI","A","1998",4.7364638874349,
"CAN","HHSAV","TOT","PC_HHDI","A","1999",4.55786641885772,
"CAN","HHSAV","TOT","PC_HHDI","A","2000",5.04595893527024,
"CAN","HHSAV","TOT","PC_HHDI","A","2001",4.76282534393988,
"CAN","HHSAV","TOT","PC_HHDI","A","2002",3.01091303660357,
"CAN","HHSAV","TOT","PC_HHDI","A","2003",2.04193525318062,
"CAN","HHSAV","TOT","PC_HHDI","A","2004",2.5829540229119,
"CAN","HHSAV","TOT","PC_HHDI","A","2005",1.53237059542304,
"CAN","HHSAV","TOT","PC_HHDI","A","2006",2.60452044965319,
"CAN","HHSAV","TOT","PC_HHDI","A","2007",2.1581494647404,
"CAN","HHSAV","TOT","PC_HHDI","A","2008",3.26205919965869,
"CAN","HHSAV","TOT","PC_HHDI","A","2009",4.5031150970842,
"CAN","HHSAV","TOT","PC_HHDI","A","2010",4.27044469601736,
"CAN","HHSAV","TOT","PC_HHDI","A","2011",4.15707512616379,
"CAN","HHSAV","TOT","PC_HHDI","A","2012",4.71976922883597,
"CAN","HHSAV","TOT","PC_HHDI","A","2013",4.74922869884537,
"CAN","HHSAV","TOT","PC_HHDI","A","2014",3.54275404454743,
"CAN","HHSAV","TOT","PC_HHDI","A","2015",4.07419603593089,
"CAN","HHSAV","TOT","PC_HHDI","A","2016",1.62140210921793,
"CAN","HHSAV","TOT","PC_HHDI","A","2017",1.85058795710116,
"CAN","HHSAV","TOT","PC_HHDI","A","2018",0.669514193501345,
"CAN","HHSAV","TOT","PC_HHDI","A","2019",2.04252193286312,
"CAN","HHSAV","TOT","PC_HHDI","A","2020",13.8544920130932,
"CAN","HHSAV","TOT","PC_HHDI","A","2021",10.5383081929742,
"CHN","HHSAV","TOT","PC_HHDI","A","1992",33.6953192270066,
"CHN","HHSAV","TOT","PC_HHDI","A","1993",31.5114821943863,
"CHN","HHSAV","TOT","PC_HHDI","A","1994",33.4484801685735,
"CHN","HHSAV","TOT","PC_HHDI","A","1995",29.5961333118483,
"CHN","HHSAV","TOT","PC_HHDI","A","1996",30.8451882195519,
"CHN","HHSAV","TOT","PC_HHDI","A","1997",31.5018994689111,
"CHN","HHSAV","TOT","PC_HHDI","A","1998",31.659534002432,
"CHN","HHSAV","TOT","PC_HHDI","A","1999",28.7956289901079,
"CHN","HHSAV","TOT","PC_HHDI","A","2000",27.6404414859626,
"CHN","HHSAV","TOT","PC_HHDI","A","2001",27.588269585363,
"CHN","HHSAV","TOT","PC_HHDI","A","2002",27.1259639316716,
"CHN","HHSAV","TOT","PC_HHDI","A","2003",29.299761316689,
"CHN","HHSAV","TOT","PC_HHDI","A","2004",30.4835703744202,
"CHN","HHSAV","TOT","PC_HHDI","A","2005",30.8377554083243,
"CHN","HHSAV","TOT","PC_HHDI","A","2006",33.7883873358416,
"CHN","HHSAV","TOT","PC_HHDI","A","2007",35.4867545380255,
"CHN","HHSAV","TOT","PC_HHDI","A","2008",37.3724395638147,
"CHN","HHSAV","TOT","PC_HHDI","A","2009",37.6561122297932,
"CHN","HHSAV","TOT","PC_HHDI","A","2010",38.4840316162343,
"CHN","HHSAV","TOT","PC_HHDI","A","2011",38.0239840685368,
"CHN","HHSAV","TOT","PC_HHDI","A","2012",38.1910117594833,
"CHN","HHSAV","TOT","PC_HHDI","A","2013",37.8266350588103,
"CHN","HHSAV","TOT","PC_HHDI","A","2014",36.7714863978358,
"CHN","HHSAV","TOT","PC_HHDI","A","2015",35.7362151080324,
"CHN","HHSAV","TOT","PC_HHDI","A","2016",34.5669279442696,
"CHN","HHSAV","TOT","PC_HHDI","A","2017",34.4430353320143,
"CHN","HHSAV","TOT","PC_HHDI","A","2018",34.8198485039672,
"CHN","HHSAV","TOT","PC_HHDI","A","2019",34.7852810486557,
"LVA","HHSAV","TOT","PC_HHDI","A","1995",-39.7522256868828,
"LVA","HHSAV","TOT","PC_HHDI","A","1996",-33.6208444210293,
"LVA","HHSAV","TOT","PC_HHDI","A","1997",-15.8599236113717,
"LVA","HHSAV","TOT","PC_HHDI","A","1998",-18.7651903872181,
"LVA","HHSAV","TOT","PC_HHDI","A","1999",-20.3976627405113,
"LVA","HHSAV","TOT","PC_HHDI","A","2000",-9.7647553238859,
"LVA","HHSAV","TOT","PC_HHDI","A","2001",-10.0180039838299,
"LVA","HHSAV","TOT","PC_HHDI","A","2002",-9.39817176740619,
"LVA","HHSAV","TOT","PC_HHDI","A","2003",-7.82569584170012,
"LVA","HHSAV","TOT","PC_HHDI","A","2004",-6.24568638932435,
"LVA","HHSAV","TOT","PC_HHDI","A","2005",-5.22923326532907,
"LVA","HHSAV","TOT","PC_HHDI","A","2006",-9.33857962343058,
"LVA","HHSAV","TOT","PC_HHDI","A","2007",-9.88042501681063,
"LVA","HHSAV","TOT","PC_HHDI","A","2008",3.78258817813596,
"LVA","HHSAV","TOT","PC_HHDI","A","2009",6.40747122436427,
"LVA","HHSAV","TOT","PC_HHDI","A","2010",-1.87278126976861,
"LVA","HHSAV","TOT","PC_HHDI","A","2011",-9.69456304599199,
"LVA","HHSAV","TOT","PC_HHDI","A","2012",-10.4675005134658,
"LVA","HHSAV","TOT","PC_HHDI","A","2013",-14.5282106129644,
"LVA","HHSAV","TOT","PC_HHDI","A","2014",-8.786636339441,
"LVA","HHSAV","TOT","PC_HHDI","A","2015",-4.69145751003558,
"LVA","HHSAV","TOT","PC_HHDI","A","2016",-3.02840749246505,
"LVA","HHSAV","TOT","PC_HHDI","A","2017",-3.47451867968493,
"LVA","HHSAV","TOT","PC_HHDI","A","2018",-1.9264661716123,
"LVA","HHSAV","TOT","PC_HHDI","A","2019",0.339947827695503,
"LVA","HHSAV","TOT","PC_HHDI","A","2020",6.28227098745172,
"LVA","HHSAV","TOT","PC_HHDI","A","2021",5.87032215383826,
"CRI","HHSAV","TOT","PC_HHDI","A","2012",0.928948497921985,
"CRI","HHSAV","TOT","PC_HHDI","A","2013",1.60581298931198,
"CRI","HHSAV","TOT","PC_HHDI","A","2014",0.739921118518307,
"CRI","HHSAV","TOT","PC_HHDI","A","2015",1.7223990365087,
"CRI","HHSAV","TOT","PC_HHDI","A","2016",4.61257731128365,
"CRI","HHSAV","TOT","PC_HHDI","A","2017",4.65996373090292,
"CRI","HHSAV","TOT","PC_HHDI","A","2018",5.81162379567309,
"CRI","HHSAV","TOT","PC_HHDI","A","2019",6.93276634504443,
"LTU","HHSAV","TOT","PC_HHDI","A","2004",4.64570566525891,
"LTU","HHSAV","TOT","PC_HHDI","A","2005",-0.273625849480144,
"LTU","HHSAV","TOT","PC_HHDI","A","2006",0.932495136543253,
"LTU","HHSAV","TOT","PC_HHDI","A","2007",-8.81718452462337,
"LTU","HHSAV","TOT","PC_HHDI","A","2008",-4.66001542798121,
"LTU","HHSAV","TOT","PC_HHDI","A","2009",1.22068797257647,
"LTU","HHSAV","TOT","PC_HHDI","A","2010",4.33422439732162,
"LTU","HHSAV","TOT","PC_HHDI","A","2011",0.555531438352826,
"LTU","HHSAV","TOT","PC_HHDI","A","2012",-1.09547072039943,
"LTU","HHSAV","TOT","PC_HHDI","A","2013",-1.67399538785667,
"LTU","HHSAV","TOT","PC_HHDI","A","2014",-3.82032685611272,
"LTU","HHSAV","TOT","PC_HHDI","A","2015",-3.69244782392001,
"LTU","HHSAV","TOT","PC_HHDI","A","2016",-1.0975716027784,
"LTU","HHSAV","TOT","PC_HHDI","A","2017",-3.87218258912574,
"LTU","HHSAV","TOT","PC_HHDI","A","2018",-3.73552523059832,
"LTU","HHSAV","TOT","PC_HHDI","A","2019",0.120281911144583,
"LTU","HHSAV","TOT","PC_HHDI","A","2020",9.13086511824866,
"LTU","HHSAV","TOT","PC_HHDI","A","2021",2.1893471279159,
"COL","HHSAV","TOT","PC_HHDI","A","2005",9.38923573476889,
"COL","HHSAV","TOT","PC_HHDI","A","2006",10.4321107559731,
"COL","HHSAV","TOT","PC_HHDI","A","2007",11.0131327362383,
"COL","HHSAV","TOT","PC_HHDI","A","2008",9.77887836853605,
"COL","HHSAV","TOT","PC_HHDI","A","2009",9.98471477108939,
"COL","HHSAV","TOT","PC_HHDI","A","2010",9.2731944688984,
"COL","HHSAV","TOT","PC_HHDI","A","2011",8.76179209862966,
"COL","HHSAV","TOT","PC_HHDI","A","2012",9.00671960387925,
"COL","HHSAV","TOT","PC_HHDI","A","2013",9.81066415816151,
"COL","HHSAV","TOT","PC_HHDI","A","2014",9.49418581213558,
"COL","HHSAV","TOT","PC_HHDI","A","2015",9.30882586490801,
"COL","HHSAV","TOT","PC_HHDI","A","2016",7.84598312246868,
"COL","HHSAV","TOT","PC_HHDI","A","2017",9.42999871535847,
"COL","HHSAV","TOT","PC_HHDI","A","2018",9.00225907733374,
"COL","HHSAV","TOT","PC_HHDI","A","2019",7.69716015524331,
"COL","HHSAV","TOT","PC_HHDI","A","2020",10.4518674715151,
